,rm_id,keyword
0,102,avoid tight hairstyles braids ponytails buns MayoClinic lifestyle
1,103,hair rubbing avoid compulsively twisting pulling MayoClinic lifestyle
2,104,hair gently treat brushing wide washing toothed comb may help prevent pulling MayoClinic lifestyle
3,105,hot rollers avoid harsh treatments oil permanents curling irons MayoClinic lifestyle
4,106,supplements could cause hair loss avoid medications MayoClinic lifestyle
5,107,protect hair sources sunlight ultraviolet light MayoClinic lifestyle
6,108,stop smoking men studies show baldness association MayoClinic lifestyle
7,109,ask cooling cap chemotherapy treated doctor losing hair reduce risk MayoClinic lifestyle
8,110,reduce inflammation hair loss suppress treatment caused prednisone may include drugs medicatioin necessary immune system disease underlying MayoClinic therapy
9,111,men nonprescription counter minoxidil rogaine medication approved women MayoClinic therapy
10,112,prescription drug approved propecia finasteride pill take daily men MayoClinic therapy
11,113,option men medications oral medication dutasteride spironolactone treatment may include contraceptives women MayoClinic therapy
12,114,permanent hair loss make top transplant left common type restoration surgery head affected MayoClinic therapy
13,115,low level laser device drug administration therapy approved treatment hereditary hair loss food women men MayoClinic therapy
14,116,may want nonmedical solutions used hairpiece styling techniques home remedies hair stylist products scarves ideas cover permanent temporary loss lifestyle talk try shaving wig MayoClinic therapy
15,117,diet containing raw vegetables onset fresh herbs like mediterranean female pattern baldness slow male androgenic alopecia may reduce risk Healthline home remedy
16,118,made mostly low chicken protein called keratin nuts may help prevent hair loss diet rich fat dairy products beans peas fish follicles healthy choices include foods like eggs turkey eating Healthline home remedy
17,119,hair growth vitamin composed part increase foods rich sweet potatoes spinach retinoids name rate shown peppers plate fill Healthline home remedy
18,120,hair growth eggs sweet potatoes nuts oysters avocados spinach seeds beans 14 best foods fatty fish berries peppers soybeans shrimp meat Healthline home remedy
19,121,hair growth cell turnover iron determined multivitamin b zinc vitamins important specifically retention processes c selenium scientists Healthline home remedy
20,122,five milligrams daily body fatty acid synthesis essential taking three involved b7 â€” doctor hair life cycle may experience loss process speak biotin vitamin h deficiency Healthline home remedy
21,123,herb may help men maintain levels 200 milligrams daily american dwarf pine trees study dosage derived testosterone fruit saw palmetto Healthline home remedy
22,124,needed study recommend specific dosages may promote hair growth ginseng contains certain phytochemicals scalp Healthline home remedy
23,125,leading keeping use washing hair daily may protect loss break cause harsher formulas dry scalp healthy mild shampoo clean regular key Healthline lifestyle
24,126,grooming hair scalp may promote better blood flow coconut oil help prevent damage regrowth ultraviolet strand massaging protecting root breakage light exposure helps bind protein uv Healthline lifestyle
25,127,also used 30 minutes deep condition hair sit central ingredient mediterranean diet consider applying letting protecting couple tablespoons olive oil associated breakage dryness washing may help slow genetic loss directly Healthline lifestyle
26,128,scalp helps stimulate growth prp platelet areas already impacted hair loss rich plasma injecting Healthline therapy
27,129,phenylephrine styling follicle muscles hair loss due hairs pull contract brushing topical may help harder makes stimulating Healthline therapy
28,130,onion juice day people applying crude scalps twice alopecia areata may see regrowth Healthline home remedy
29,131,try fish pose prevent kneeling stress may respond well shoulder stand forward bend relieving yoga poses slow hair loss camel caused downward facing dog Healthline home remedy
30,132,essential oils lavender rosemary thyme cedarwood ): may help reduce hair loss Healthline home remedy
